User,RepoCount
LeahMiller,95
MercedesBrown,157
MelissaMartinez,61
BrendaHernandez,192
CassandraAllen,207
AnthonyAshley,150
YvonneRyan,66
AmyBennett,23
DavidBradford,8
KevinPayne,138
CraigPhelps,59
GeorgeSmith,56
ToddArroyo,1
CraigGray,11
ScottBaker,8
MirandaGarcia,30
DanielLester,114
TraceyNelson,37
ZacharyMills,4
HaileyJohnson,20
JenniferMartin,3
JoanGlass,126
MichaelWolfe,26
DonaldOchoa,47
ColeContrerasDDS,79
LauraRoberts,8
JesusPaul,974
JohnRios,78
PhillipPaul,122
KatelynBaker,24
JamesPace,56
LisaZimmerman,27
ZacharyJames,39
ChristineBell,25
NicholasTorres,113
LauraYoung,22
JerryRice,41
TiffanyMills,38
SharonHoward,34
TammyJones,41
JenniferGregory,154
AbigailRivera,19
ShannonFinley,19
LouisSims,1
NicholasFoster,7
SaraEscobar,65
JenniferWest,1
AdrianHill,40
AnthonyHowe,20
MaryBean,24
MaryRyan,10
HeatherKelley,678
JohnGarcia,18
EricFord,852
SamanthaCollins,4
AndreAguilar,9
BrianThomas,26
SuzanneParker,10
DavidSmith,1169
JayDiaz,2
CindySmith,3
WillieHanson,395
VernonMorrison,13
KevinJimenez,154
JulieThompson,2
CynthiaDuncan,169
MckenzieBell,100
JasonAdkins,63
DeannaGuerra,50
JenniferReed,5
SydneyFigueroa,7
MitchellHarding,19
PamelaKaufman,11
MonicaKlein,28
SamuelFord,44
ScottVaughn,0
MollySanders,117
RaymondBarrett,2
MarvinGreen,34
BethanyWaller,119
JoeGreen,77
SharonMolina,12
DamonFoster,0
CoreyHurley,9
ColtonHarperMD,9
CrystalYoder,125
JesseSchwartz,134
JohnHarmon,57
JeffreyNguyen,384
BarbaraPalmer,26
JoseHumphrey,44
AliceSchultz,15
KathleenSmith,15
NeilGoodman,43
AnnWilliams,10
JaniceCruz,355
JoeRiley,15
DeniseBailey,34
JeffreyRuiz,137
ChristopherMendoza,31
ChristopherThompson,337
BrianBaker,23
NicholasPerez,251
CarlHammond,100
RobertCampbell,49
KristinaKhan,76
KathyMaddox,27
JamesLarsen,47
AndrewHenderson,3
ChristinaWiley,41
JessicaCrawford,84
RebeccaSchmidt,120
JoshuaWatkins,8
KimberlyRodriguez,3
ShaneMason,151
KyleNelson,13
CaseyGilmore,11
LindsayPope,2
SusanMiller,3
ThomasDunn,6
RyanRusso,48
MariaMiranda,361
AdamSawyer,562
CindyBarrera,31
ToddHartman,14
PhillipRose,30
AlexanderSilva,11
TerriJohnston,44
ToddSmith,4
KevinClark,30
SaraWilliams,56
NicholasFritz,72
WilliamJenkins,22
AndreWilliams,71
MonicaBoyd,22
NatalieDavila,1
JenniferSmith,14
EdwardHarris,121
RobertCasey,0
JamesJackson,19
BradleyDowns,11
JamesChan,1
TimothyJohnston,1
NathanielKlein,30
NathanMoore,1
Mr.MichaelBender,103
SusanPrice,58
DavidBrown,40
JonChapman,295
AlyssaBurns,13
ChristopherLee,0
RobertReid,492
AnthonyStevens,448
JacobHall,33
RalphDeleon,63
MarkCarr,6
KimberlyChristensen,27
JulieBooker,5
HollyJones,0
BradleySherman,0
RobertLivingston,0
KarenWallace,1
PamelaFigueroa,4
JoseWolf,22
EricThomas,97
KevinBrown,0
JeanPerez,0
MarkWong,4
MonicaFlynn,18
ElizabethLarson,17
RyanHuang,0
Dr.LauraPatterson,23
BrandonCook,248
JessicaSampson,2
AllenDavenport,7
RogerWhite,1
CarlaHarrison,126
DanielLewis,33
PriscillaSparks,27
BrookeDawson,4
WayneFreeman,0
WilliamTaylor,4
